Vendor,OUI
Axon / TASER,00:25:DF
Axon / TASER,00:1F:55
Axon / TASER,00:0F:13
WatchGuard / Motorola Solutions,00:19:86
WatchGuard / Motorola Solutions,00:1A:E9
Digital Ally,00:11:24
Digital Ally,00:1B:63
Getac,00:1C:23
Getac,50:EC:50
Panasonic i-PRO,3C:BB:FD
Panasonic i-PRO,E0:13:33
Flock Safety,00:40:8C
Flock Safety,AC:CC:8E
Utility Inc.,00:09:BC
Utility Inc.,00:16:ED
  
-- Raw List. -- 
    
00:25:DF
00:1F:55
00:0F:13
00:19:86
00:1A:E9
00:11:24
00:1B:63
00:1C:23
50:EC:50
3C:BB:FD
E0:13:33
00:40:8C
AC:CC:8E
00:09:BC
00:16:ED
